{
    "normalized_resid": {
        "min": 0.0,
        "max": 1.0,
        "mean": 0.5007683684333377,
        "std": 0.29075772348948004,
        "count": 285505,
        "is_global": 0
    },
    "core_exterior_encoded": {
        "min": 0.0,
        "max": 1.0,
        "mean": 0.620952347594613,
        "std": 0.48515000732902386,
        "count": 285505,
        "is_global": 0
    },
    "secondary_structure_encoded": {
        "min": 0.0,
        "max": 2.0,
        "mean": 1.0275476786746292,
        "std": 0.8934365584263747,
        "count": 285505,
        "is_global": 0
    },
    "relative_accessibility": {
        "min": 0.0,
        "max": 1.0,
        "mean": 0.3513078995634565,
        "std": 0.28241329811346144,
        "count": 285505,
        "is_global": 0
    },
    "phi_norm": {
        "min": -1.0,
        "max": 2.0,
        "mean": -0.40092934737917796,
        "std": 0.3489074159262821,
        "count": 285505,
        "is_global": 0
    },
    "psi_norm": {
        "min": -1.0,
        "max": 2.0,
        "mean": 0.19725962201461464,
        "std": 0.5152367410674201,
        "count": 285505,
        "is_global": 0
    },
    "protein_size": {
        "min": 50.0,
        "max": 483.0,
        "mean": 141.78163771712158,
        "std": 83.09462429004353,
        "count": 2015,
        "is_global": 1
    },
    "voxel_rmsf": {
        "min": 0.0,
        "max": 1.7158199548721313,
        "mean": 0.4193946905915736,
        "std": 0.3087538753615283,
        "count": 285505,
        "is_global": 0
    },
    "bfactor_norm": {
        "min": -3.5249900817871094,
        "max": 8.687703132629395,
        "mean": -0.024382824688753968,
        "std": 0.9353509988464086,
        "count": 285505,
        "is_global": 0
    }
}