{
    "normalized_resid": {
        "min": 0.0,
        "max": 1.0,
        "mean": 0.5006484934191252,
        "std": 0.290667164124151,
        "count": 2099640,
        "is_global": 0
    },
    "core_exterior_encoded": {
        "min": 0.0,
        "max": 1.0,
        "mean": 0.622185231754015,
        "std": 0.48484097304293255,
        "count": 2099640,
        "is_global": 0
    },
    "secondary_structure_encoded": {
        "min": 0.0,
        "max": 2.0,
        "mean": 1.04077841915757,
        "std": 0.8794497704152607,
        "count": 2099640,
        "is_global": 0
    },
    "relative_accessibility": {
        "min": 0.0,
        "max": 1.0,
        "mean": 0.35037307559540265,
        "std": 0.28206105759563366,
        "count": 2099640,
        "is_global": 0
    },
    "phi_norm": {
        "min": -1.0,
        "max": 2.0,
        "mean": -0.40435952255592467,
        "std": 0.3541146507083933,
        "count": 2099640,
        "is_global": 0
    },
    "psi_norm": {
        "min": -1.0,
        "max": 2.0,
        "mean": 0.21924454655847136,
        "std": 0.519573253548648,
        "count": 2099640,
        "is_global": 0
    },
    "protein_size": {
        "min": 50.0,
        "max": 500.0,
        "mean": 134.54819084213898,
        "std": 74.93910751953194,
        "count": 15615,
        "is_global": 1
    },
    "voxel_rmsf": {
        "min": 0.0,
        "max": 1.7519530057907104,
        "mean": 0.41466234500461435,
        "std": 0.3063052482013255,
        "count": 2099640,
        "is_global": 0
    },
    "bfactor_norm": {
        "min": -11.135884284973145,
        "max": 11.401920318603516,
        "mean": -0.022986916706360813,
        "std": 0.9411193153479283,
        "count": 2099640,
        "is_global": 0
    }
}